area,perimeter,compactness,kernel_length,kernel_width,asymmetry,groove_length,variety
15.26,14.84,0.871,5.763,3.312,2.221,5.22,1
14.88,14.57,0.8811,5.554,3.333,1.018,4.956,1
14.29,14.09,0.905,5.291,3.337,2.699,4.825,1
13.84,13.94,0.8955,5.324,3.379,2.259,4.805,1
16.14,14.99,0.9034,5.658,3.562,1.355,5.175,1
14.38,14.21,0.8951,5.386,3.312,2.462,4.956,1
14.69,14.49,0.8799,5.563,3.259,3.586,5.219,1
14.11,14.1,0.8911,5.42,3.302,2.7,5,1
16.63,15.46,0.8747,6.053,3.465,2.04,5.877,1
16.44,15.25,0.888,5.884,3.505,1.969,5.533,1
15.26,14.85,0.8696,5.714,3.242,4.543,5.314,1
14.03,14.16,0.8796,5.438,3.201,1.717,5.001,1
13.89,14.02,0.888,5.439,3.199,3.986,4.738,1
13.78,14.06,0.8759,5.479,3.156,3.136,4.872,1
13.74,14.05,0.8744,5.482,3.114,2.932,4.825,1
14.59,14.28,0.8993,5.351,3.333,4.185,4.781,1
13.99,13.83,0.9183,5.119,3.383,5.234,4.781,1
15.69,14.75,0.9058,5.527,3.514,1.599,5.046,1
14.7,14.21,0.9153,5.205,3.466,1.767,4.649,1
12.72,13.57,0.8686,5.226,3.049,4.102,4.914,1
14.16,14.4,0.8584,5.658,3.129,3.072,5.176,1
14.11,14.26,0.8722,5.52,3.168,2.688,5.219,1
15.88,14.9,0.8988,5.618,3.507,0.765,5.091,1
12.08,13.23,0.8664,5.099,2.936,1.415,4.961,1
15.01,14.76,0.8657,5.789,3.245,1.791,5.001,1
16.19,15.16,0.8849,5.833,3.421,0.903,5.307,1
13.02,13.76,0.8641,5.395,3.026,3.373,4.825,1
12.74,13.67,0.8564,5.395,2.956,2.504,4.869,1
14.11,14.18,0.882,5.541,3.221,2.754,5.038,1
13.45,13.8,0.8878,5.388,3.155,2.554,4.898,1
13.16,13.55,0.9009,5.138,3.201,2.461,4.783,1
15.49,14.94,0.8724,5.757,3.371,3.412,5.228,1
14.09,14.41,0.8529,5.717,3.186,3.92,5.299,1
13.94,14.17,0.8728,5.585,3.15,2.124,5.012,1
15.05,14.68,0.8779,5.712,3.328,2.129,5.36,1
16.12,15,0.9,5.709,3.485,2.27,5.443,1
16.2,15.27,0.8734,5.826,3.464,2.823,5.527,1
17.08,15.38,0.9079,5.832,3.683,2.956,5.484,1
14.8,14.52,0.8823,5.656,3.318,3.383,5.091,1
14.28,14.17,0.8944,5.397,3.298,6.685,5.001,1
13.54,13.85,0.8871,5.348,3.156,2.587,5.178,1
13.5,13.85,0.8852,5.351,3.158,2.249,5.176,1
13.16,13.55,0.9009,5.138,3.201,2.461,4.783,1
15.5,14.86,0.882,5.877,3.396,4.711,5.528,1
15.11,14.54,0.8986,5.579,3.462,3.128,5.18,1
13.8,14.04,0.8794,5.376,3.155,1.56,4.961,1
15.36,14.76,0.8861,5.701,3.393,1.367,5.132,1
14.99,14.56,0.8883,5.57,3.377,2.958,5.175,1
14.93,14.35,0.9115,5.307,3.432,1.909,5.131,1
14.33,14.28,0.8831,5.504,3.199,3.049,5.055,1
14.52,14.6,0.8557,5.741,3.113,1.481,5.487,1
15.14,14.96,0.8502,5.709,3.153,2.617,5.399,1
16.61,15.48,0.8717,6.002,3.418,2.206,5.901,1
16.63,15.46,0.8747,6.053,3.465,2.04,5.877,1
16.02,15.1,0.882,5.835,3.387,0.887,5.398,1
15.76,14.89,0.8934,5.576,3.474,3.224,5.183,1
18.72,16.19,0.8977,6.006,3.857,5.324,5.879,2
18.88,16.26,0.8969,6.084,3.764,1.649,6.109,2
18.76,16.2,0.8984,6.172,3.796,3.12,6.053,2
18.94,16.32,0.8942,6.144,3.825,2.908,5.949,2
21.18,17.21,0.8989,6.573,4.033,5.78,6.231,2
20.88,17.05,0.9031,6.45,4.032,5.016,6.321,2
20.1,16.99,0.8746,6.581,3.785,1.955,6.449,2
18.76,16.2,0.8984,6.172,3.796,3.12,6.053,2
18.81,16.29,0.8906,6.272,3.693,3.237,6.053,2
18.59,16.05,0.9066,6.037,3.86,6.001,5.877,2
19.12,16.17,0.9185,6.056,3.97,3.69,5.803,2
18.55,16.22,0.8865,6.153,3.674,1.738,5.894,2
19.58,16.89,0.8617,6.393,3.768,3.736,6.386,2
18.14,16.12,0.8772,6.059,3.563,3.619,6.011,2
18.65,16.41,0.8698,6.285,3.594,4.391,6.102,2
17.36,15.76,0.8785,6.145,3.574,3.526,5.971,2
17.99,15.86,0.8992,5.89,3.694,2.068,5.709,2
20.01,16.94,0.8761,6.317,3.891,5.928,6.021,2
17.98,15.85,0.8993,5.979,3.687,2.257,5.919,2
17.84,15.67,0.9145,5.786,3.726,1.413,5.921,2
18.3,15.89,0.9108,5.979,3.755,2.837,5.962,2
18.94,16.32,0.8942,6.144,3.825,2.908,5.949,2
18.17,16.02,0.8902,6.136,3.656,2.031,5.897,2
18.49,16.23,0.8816,6.162,3.63,1.833,5.892,2
18.67,16.41,0.8721,6.219,3.681,2.662,5.928,2
18.56,16.24,0.8832,6.14,3.662,2.343,5.869,2
18.65,16.41,0.8698,6.285,3.594,4.391,6.102,2
18.14,16.12,0.8772,6.059,3.563,3.619,6.011,2
18.49,16.23,0.8816,6.162,3.63,1.833,5.892,2
20.16,17.03,0.8735,6.513,3.773,1.91,6.185,2
17.51,15.66,0.8973,5.913,3.599,2.166,5.324,2
18.94,16.49,0.8745,6.308,3.694,3.034,6.132,2
17.12,15.55,0.8892,5.85,3.566,2.858,5.746,2
11.41,12.95,0.856,5.09,2.775,4.957,4.825,3
11.23,12.88,0.8511,5.14,2.795,4.325,5.003,3
12.36,13.19,0.8923,5.076,3.042,3.22,4.605,3
13.22,13.84,0.868,5.395,3.07,4.157,5.088,3
12.78,13.57,0.8716,5.262,3.026,1.176,4.782,3
11.56,13.31,0.8198,5.363,2.683,4.062,5.182,3
11.79,13.13,0.8595,5.242,2.848,3.878,5.117,3
12.67,13.32,0.8977,4.984,3.135,2.3,4.745,3
11.85,13.13,0.8655,5.183,2.845,4.376,5.073,3
12.34,13.17,0.8941,5.017,3.069,1.621,4.712,3
11.87,13.02,0.8795,5.132,2.953,3.597,5.132,3
12.07,13.33,0.8561,5.246,2.908,4.037,5.159,3
12.43,13.2,0.8968,5.009,3.084,2.855,4.745,3
12.49,13.46,0.8658,5.267,2.967,4.421,5.002,3
11.77,13.16,0.8543,5.209,2.828,4.687,5.132,3
12.38,13.44,0.8609,5.219,2.989,5.472,5.045,3
12.2,13.32,0.8652,5.224,2.967,5.469,5.121,3
11.03,12.86,0.8388,5.166,2.669,4.386,5.109,3
11.14,12.79,0.8558,5.011,2.794,6.388,5,3
12.14,13.08,0.8912,5.057,3.015,2.828,5.01,3
12.27,13.33,0.8684,5.243,2.974,5.637,5.063,3
11.84,13.21,0.8521,5.175,2.836,3.598,5.044,3
12.1,13.15,0.8793,5.105,2.941,2.201,4.844,3
12.19,13.2,0.8783,5.137,2.981,3.631,4.87,3
11.23,12.82,0.8594,5.089,2.821,7.524,4.957,3
11.33,12.86,0.8602,5.052,2.863,5.656,5.018,3
11.5,13.06,0.8492,5.263,2.755,5.276,5.051,3
11.61,13.32,0.8231,5.306,2.707,5.375,5.091,3
11.46,13.01,0.8522,5.2,2.72,4.667,5.059,3
12.32,13.34,0.8728,5.202,2.985,3.556,4.869,3
11.55,13.1,0.8455,5.167,2.845,6.715,4.956,3
11.26,13.01,0.8355,5.186,2.71,5.335,5.092,3
12.46,13.41,0.8706,5.236,3.017,4.987,5.147,3
11.81,13.45,0.8198,5.413,2.716,4.898,5.352,3
12.16,13.49,0.8387,5.412,2.826,6.242,5.462,3
11.58,13.21,0.8337,5.339,2.699,4.372,5.15,3
